{"inputUnits":[34],"outputUnits":3,"inputs":{"0":{"dtype":"number","min":166.78922002543248,"max":383.37153652258087},"1":{"dtype":"number","min":160.49395778722928,"max":203.40857522529467},"2":{"dtype":"number","min":178.21967186286435,"max":395.6065868355377},"3":{"dtype":"number","min":149.69938579358552,"max":189.18266787166482},"4":{"dtype":"number","min":155.8994871738129,"max":375.7334977237337},"5":{"dtype":"number","min":150.27620252345272,"max":191.25253301847283},"6":{"dtype":"number","min":207.20885278653446,"max":405.09470681233245},"7":{"dtype":"number","min":156.16294191594707,"max":186.076324641356},"8":{"dtype":"number","min":147.8614316349141,"max":355.1268627025463},"9":{"dtype":"number","min":157.35934698093703,"max":197.5773818404586},"10":{"dtype":"number","min":231.7049320213511,"max":409.5176485593323},"11":{"dtype":"number","min":201.83121738842817,"max":227.67747072216127},"12":{"dtype":"number","min":179.05390704119645,"max":319.236000955221},"13":{"dtype":"number","min":199.65658529924832,"max":266.75094753213324},"14":{"dtype":"number","min":323.2279697589242,"max":473.88890197634925},"15":{"dtype":"number","min":127.98187553301656,"max":274.0855464228877},"16":{"dtype":"number","min":102.299916525798,"max":286.0699825770209},"17":{"dtype":"number","min":128.6313467044347,"max":315.2043654532925},"18":{"dtype":"number","min":275.5960267422027,"max":472.1029050354837},"19":{"dtype":"number","min":79.14774926317597,"max":303.4812031944825},"20":{"dtype":"number","min":15.736008731477673,"max":354.8913455241837},"21":{"dtype":"number","min":71.3537169339364,"max":290.8949609946089},"22":{"dtype":"number","min":301.67644642017507,"max":378.4830422801116},"23":{"dtype":"number","min":340.69149099130607,"max":403.8884921008848},"24":{"dtype":"number","min":247.22133227491472,"max":318.7919607404147},"25":{"dtype":"number","min":363.66980420683325,"max":417.3373149849518},"26":{"dtype":"number","min":332.44194283587655,"max":472.91539480346916},"27":{"dtype":"number","min":371.0934525577181,"max":549.6938224331444},"28":{"dtype":"number","min":275.5561349731207,"max":364.2042080468369},"29":{"dtype":"number","min":410.38624248541817,"max":548.4247224744532},"30":{"dtype":"number","min":331.05588857193436,"max":440.11830699838856},"31":{"dtype":"number","min":448.82500780488544,"max":559.2857012088767},"32":{"dtype":"number","min":276.8348702770925,"max":379.6120178490354},"33":{"dtype":"number","min":475.50524854752985,"max":559.5763566758898}},"outputs":{"0":{"dtype":"string","min":0,"max":1,"uniqueValues":["m","a","g"],"legend":{"m":[1,0,0],"a":[0,1,0],"g":[0,0,1]}}},"isNormalized":true}